,Factor1,Factor2,Factor3
Acesso a Capital,0.186425873519482,0.046774753213191515,0.9175276440442731
Ambiente Regulatório,0.8026870978512936,0.30837176993103643,-0.14000024849405576
Capital Humano,0.8178502840159326,0.010820999396912117,0.29910047972204323
Cultura,0.3229026465505184,0.8470654444609366,-0.16459763736736455
Infraestrutura,0.8505034521077919,0.22850389491145337,0.15251742943542698
Inovação,0.309487821123188,0.8905098169349919,0.027450944769405267
Mercado,-0.08506042331397114,0.7694277764173904,0.4290417963949225
